{
  "note_density": {
    "gain": 5445.745031118393,
    "split": 639
  },
  "avg_polyphony": {
    "gain": 3315.5487122535706,
    "split": 413
  },
  "max_polyphony": {
    "gain": 7782.6389038562775,
    "split": 405
  },
  "polyphony_entropy": {
    "gain": 4051.366968154907,
    "split": 452
  },
  "pitch_range": {
    "gain": 5507.257691383362,
    "split": 440
  },
  "num_distinct_pitches": {
    "gain": 81612.53063797951,
    "split": 856
  },
  "avg_velocity": {
    "gain": 3722.7003388404846,
    "split": 517
  },
  "std_velocity": {
    "gain": 3132.1493635177612,
    "split": 444
  },
  "dynamic_range": {
    "gain": 2613.42644071579,
    "split": 345
  },
  "chord_ratio": {
    "gain": 5687.718098640442,
    "split": 630
  },
  "fast_note_ratio": {
    "gain": 3759.2003219127655,
    "split": 459
  },
  "rhythmic_complexity": {
    "gain": 3793.055150985718,
    "split": 486
  },
  "wide_leap_ratio": {
    "gain": 25.449950218200684,
    "split": 4
  },
  "repeated_note_ratio": {
    "gain": 18741.43097424507,
    "split": 897
  },
  "arpeggio_ratio": {
    "gain": 3698.3476769924164,
    "split": 455
  },
  "low_ratio": {
    "gain": 3527.9661300182343,
    "split": 428
  },
  "high_ratio": {
    "gain": 3935.668352365494,
    "split": 524
  },
  "hand_independence": {
    "gain": 3870.6105184555054,
    "split": 456
  }
}