{"X_min": 0.35303842745064307, "X_max": 8.164937123397177, "X_thresholds": [0.35303842745064307, 0.37939907831577924, 0.4155647257198064, 0.7910732799952698, 0.79185001553384, 0.8635081082131609, 0.8697013200816146, 0.9198217786338369, 0.9208798303936987, 1.0834438598132612, 1.084601327034242, 1.9322998089376788, 1.953304737837238, 2.0489560838365564, 2.064910405846141, 2.375470807457062, 2.3860788368845647, 2.7446653747398537, 2.753171347454505, 2.90141465087596, 2.908723505636238, 3.530462566890133, 3.5313322074146916, 3.7795553070712558, 3.780563510753387, 4.021684576411743, 4.024914926590911, 4.127175552901434, 4.131054214746873, 4.420548697991209, 4.451232757923165, 4.545486431972105, 4.548456566368712, 5.022648467638171, 5.029447674370973, 5.145083835757834, 5.1485095799271905, 5.29917873016218, 5.312229194277696, 5.480854698545452, 5.483344048693534, 5.90249883528685, 5.9049185382467275, 5.916000090202497, 5.9205301821235015, 5.993698841703294, 5.994107841903718, 6.605762978136691, 6.615410479208435, 6.702456387220765, 6.703950667719867, 6.7278630637066845, 6.7326463351864145, 7.11559006362952, 7.128539660034127, 7.195708974631683, 7.201532752038935, 7.256122826399526, 7.260161790818904, 7.34909875677194, 7.349552748621557, 7.435756838607485, 7.443397148267981, 7.519015760168534, 7.521059378439011, 7.70722368600117, 7.708344347589125, 7.916245475671918, 7.91681725041849, 7.9442294764984975, 7.944793547276401, 8.017682304452556, 8.018788060848067, 8.068316624691967, 8.080328889156217, 8.164937123397177], "y_thresholds": [0.3333333333333333, 0.3333333333333333, 0.375, 0.375, 0.5, 0.5, 0.8333333333333334, 0.8333333333333334, 1.0666666666666667, 1.0666666666666667, 1.6470588235294117, 1.6470588235294117, 1.7142857142857142, 1.7142857142857142, 2.5714285714285716, 2.5714285714285716, 2.619047619047619, 2.619047619047619, 3.0476190476190474, 3.0476190476190474, 3.3333333333333335, 3.3333333333333335, 3.484848484848485, 3.484848484848485, 4.088235294117647, 4.088235294117647, 4.153846153846154, 4.153846153846154, 4.209302325581396, 4.209302325581396, 4.526315789473684, 4.526315789473684, 4.890625, 4.890625, 4.933333333333334, 4.933333333333334, 5.12, 5.12, 5.409090909090909, 5.409090909090909, 5.584905660377358, 5.584905660377358, 5.666666666666667, 5.666666666666667, 6.0, 6.0, 6.215189873417722, 6.215189873417722, 6.384615384615385, 6.384615384615385, 6.5, 6.5, 6.683333333333334, 6.683333333333334, 6.7272727272727275, 6.7272727272727275, 6.8, 6.8, 6.833333333333333, 6.833333333333333, 6.954545454545454, 6.954545454545454, 7.2, 7.2, 7.5227272727272725, 7.5227272727272725, 7.740259740259741, 7.740259740259741, 7.857142857142857, 7.857142857142857, 7.875912408759124, 7.875912408759124, 7.888888888888889, 7.888888888888889, 8.0, 8.0]}