{"thresholds": [0.5, 1.1, 2.599999999999998, 3.4999999999999982, 4.899999999999997, 5.449999999999998, 6.399999999999999, 7.249999999999999], "num_classes": 9}