{"thresholds": [0.8500000000000001, 1.6000000000000005, 2.299999999999999, 3.849999999999997, 4.299999999999999, 5.599999999999998, 6.199999999999999, 7.549999999999998], "num_classes": 9}